_id,username,password,gender,regtime
ObjectId(5c7632eaa5521b55587a204f),jingjing,123,泰国,
ObjectId(5c763b6b1dc4287548ca9c84),laoxie,12345,,1.551252330516e+12
ObjectId(5cb82ac43ea48112968af8b8),lemon,12345,不详,
ObjectId(5cba863dff988b4e80e2781a),lemon,123456,女,
ObjectId(5cba8658ff988b4e80e2781b),laoxie,666666,女,
ObjectId(5cbabe572213333cf0b5fc97),13858585588,,,
ObjectId(5cbabed22213333cf0b5fc98),13858585588,,,
ObjectId(5cbac1c691c07e0a9c8783b8),13858585586,123,,
ObjectId(5cbac3e91792824d544bba5a),13858585588,1234,,
ObjectId(5ccfe2eba5dace0d9801a795),lx666,123,,
ObjectId(5ccfe379a5dace0d9801a797),lemon123,123,,
ObjectId(5ccfe7b36db1a25100346da6),lemon666,12345,,1.557129138725e+12
ObjectId(5cd0e8f399492337e8950108),tiantian,1234,,1.557194994141e+12
ObjectId(5cd12ef30c463457884b969b),laoxie1,e10adc3949ba59abbe56e057f20f883e,,1.557212914908e+12
ObjectId(5cd12f530c463457884b969c),laoxie2,e10adc3949ba59abbe56e057f20f883e,,1.557213010658e+12
ObjectId(5d0c3ad7036e657d4e01513e),laoyao,,,
ObjectId(5d0c3daf804bbfbed97ff34b),jingjing plus,,,
ObjectId(5d0c8b816b8720369441f73f),jingjing,58bc58,女,
ObjectId(5d146a520a3db44728b87e95),蔡徐坤,58bc58,女,
ObjectId(5d1d6436f488ed27b4d69e65),laoxie,1234,,
ObjectId(5d1d664480833b9f4472fbad),laoxie,,,
ObjectId(5d565d14396aa090a7fe503a),dingding,123,男,
ObjectId(5d565d78396aa090a7fe503b),jinging,123,未知,
ObjectId(5d81df84bca11a611818ff7a),linlin,,,
ObjectId(5d81df88bf6e905abcfe57a8),linlin,,,
ObjectId(5d81df8e96e2ac373c8f08d0),linlin,,,
ObjectId(5d81e13d2418600c40d47ab1),xiaoxie,12,,
ObjectId(5d81e1411c69301ba08f7c3c),xiaoxie,12,,
ObjectId(5d81e155b5d43f2fd0629e56),xiaoxie,12,,
ObjectId(5d81e15f639f37450c9b72f7),xiaoxie,12,,
ObjectId(5d81e18acf4c572604f8f968),xiaoxie,12,,
ObjectId(5d82dca57e6260386c3acedd),xiaoxie,12,,
ObjectId(5d82dcd88ff52123ecd1eb46),xiaoxie,12,,
ObjectId(5d82dd0b4b7fe24da423894a),xiaoxie,12,,
ObjectId(5d8323b4ea1cc7169025bce6),xiaoxie,12,,
ObjectId(5d83241680f0e216b450ee3a),xiaoxie,12,,
ObjectId(5d83241aa2ebee2564ab2e22),xiaoxie,12,,
ObjectId(5d83243d2b1fcb3f58fae5de),xiaoxie,12,,
ObjectId(5d832449fe94b64238396ec6),xiaoxie,12,,
ObjectId(5d83246560a1bb3d146323ea),xiaoxie,12,,
ObjectId(5d83246bcb58491334204563),xiaoxie,12,,
ObjectId(5d8324803ef2a246c07822f6),xiaoxie,12,,
ObjectId(5d8328a43ef2a246c07822f7),,,,1.568876708314e+12
ObjectId(5d8329793ef2a246c07822f8),,,,1.568876921916e+12
ObjectId(5d83298c3ef2a246c07822f9),laoxie,123456,,1.568876940772e+12
ObjectId(5d832a342e639013f8eb6c80),xiaoxie,12,,
ObjectId(5d832a3680d5771fb4c8a76c),xiaoxie,12,,
ObjectId(5d832a61c3547d27f8f5c155),xiaoxie,12,,
ObjectId(5d832af424e0c81c44a29110),xiaoxie,12,,
ObjectId(5d832b0ba621612fe4d8c86e),xiaoxie,12,,
ObjectId(5d832cd3e4c030153cb9c051),xiaoxie,12,,
ObjectId(5d832cf11090d020dc268fa6),xiaoxie,12,,
ObjectId(5d832d33252d14211866b8ab),xiaoxie,12,,
ObjectId(5d832d3f4d9f50479057d33c),xiaoxie,12,,
ObjectId(5d832d6dc615820d4cbf322f),xiaoxie,12,,
ObjectId(5d832d70ec73c60bb44b1e2f),xiaoxie,12,,
ObjectId(5d832d91d52b1846a8067210),xiaoxie,12,,
ObjectId(5d832db0451b190bc4280a23),xiaoxie,12,,
ObjectId(5d832db406a596477878ed69),xiaoxie,12,,
ObjectId(5d832e16a69a1546a42b929d),xiaoxie,12,,
ObjectId(5d842b9bfd75822e14be49e1),xiaoxie,12,,
ObjectId(5d842c58ddc00206ecb82705),xiaoxie,12,,
ObjectId(5d84392bf1625513407c2bdc),xiaoxie,12,,
ObjectId(5d84392e320bd451e40bc98b),xiaoxie,12,,
ObjectId(5d84394c928dae30e899d3de),xiaoxie,12,,
ObjectId(5d8439504a01ca53383d04d2),xiaoxie,12,,
ObjectId(5d8439cf54c6c34ad01169d9),xiaoxie,12,,
ObjectId(5d8439d777ee612a5082af05),xiaoxie,12,,
ObjectId(5d8439deedc8104b08accd75),xiaoxie,12,,
ObjectId(5d843a8f70ec3b3f3c2a800d),xiaoxie,12,,
ObjectId(5d843a99c055313c0cd3720c),xiaoxie,12,,
ObjectId(5d843bc4a0bbc916a47e0fc2),xiaoxie,12,,
ObjectId(5d843bdf302bb00c60d52e5f),xiaoxie,12,,
ObjectId(5d843c4f8bbfe72948060a59),xiaoxie,12,,
ObjectId(5d84420a2ebe7d09b4cb4061),xiaoxie,12,,
ObjectId(5d84421ed2da695264a8f241),xiaoxie,12,,
ObjectId(5d84424715145f33a8bea808),xiaoxie,12,,
ObjectId(5d8442f29cac38521c983c65),xiaoxie,12,,
ObjectId(5d8442fe6eef4652049a7084),xiaoxie,12,,
ObjectId(5d8443012b699a4f00581946),xiaoxie,12,,
ObjectId(5d8443e77b2e6c1d24e45fe9),xiaoxie,12,,
ObjectId(5d8443e8033ebc4810da6bfc),xiaoxie,12,,
ObjectId(5d8443ea757196533cafaeff),xiaoxie,12,,
